{
  "best_model": "Logistic Regression",
  "cv_results": {
    "Logistic Regression": {
      "mean_auc": 0.9193068115942029,
      "std_auc": 0.003165353303665405,
      "cv_scores": [
        0.9149002415458937,
        0.9169555555555555,
        0.9238142512077295,
        0.9193591787439612,
        0.9215048309178743
      ]
    },
    "Random Forest": {
      "mean_auc": 0.8947128985507244,
      "std_auc": 0.003403343106723737,
      "cv_scores": [
        0.889299033816425,
        0.8956915458937197,
        0.8994347826086956,
        0.8929403381642512,
        0.8961987922705313
      ]
    },
    "Gradient Boosting": {
      "mean_auc": 0.9128376328502416,
      "std_auc": 0.0035036488662804426,
      "cv_scores": [
        0.9091565217391304,
        0.9088113526570049,
        0.9179782608695651,
        0.9131473429951691,
        0.915094685990338
      ]
    },
    "XGBoost": {
      "mean_auc": 0.9115846376811595,
      "std_auc": 0.00423719912678848,
      "cv_scores": [
        0.9061202898550725,
        0.9075350241545893,
        0.9171062801932368,
        0.9119913043478262,
        0.9151702898550724
      ]
    },
    "CatBoost": {
      "mean_auc": 0.914958647342995,
      "std_auc": 0.003539791908679151,
      "cv_scores": [
        0.9099780193236715,
        0.9126193236714975,
        0.9200900966183574,
        0.9147028985507245,
        0.9174028985507247
      ]
    }
  },
  "optuna_results": {}
}